{"cameraMode":{"drawMode":0,"name":"Shaded","section":"Shading Mode"},"sceneLighting":true,"audioPlay":false,"sceneViewState":{"showFog":false,"showMaterialUpdate":false,"showSkybox":false,"showFlares":false,"showImageEffects":false,"showParticleSystems":false},"in2DMode":false,"pivot":{"x":0.787916898727417,"y":0.958091139793396,"z":-0.64300537109375},"rotation":{"x":0.04469064250588417,"y":-0.013791291043162346,"z":0.000615823722910136,"w":0.9989121556282044},"size":2.643904447555542,"orthographic":false}