{"cameraMode":{"drawMode":0,"name":"Shaded","section":"Shading Mode"},"sceneLighting":true,"audioPlay":false,"sceneViewState":{"showFog":false,"showMaterialUpdate":false,"showSkybox":false,"showFlares":false,"showImageEffects":false,"showParticleSystems":false},"in2DMode":false,"pivot":{"x":2.675657272338867,"y":-2.0296037197113039,"z":-5.334859371185303},"rotation":{"x":-0.004790543112903833,"y":-0.0018053603125736118,"z":-0.00000986653958534589,"w":0.9999940395355225},"size":4.205216884613037,"orthographic":false}