{"cameraMode":{"drawMode":0,"name":"Shaded","section":"Shading Mode"},"sceneLighting":false,"audioPlay":false,"sceneViewState":{"showFog":false,"showMaterialUpdate":false,"showSkybox":false,"showFlares":false,"showImageEffects":false,"showParticleSystems":false},"in2DMode":false,"pivot":{"x":-1.9700000286102296,"y":6.159999847412109,"z":0.0},"rotation":{"x":-0.004790543112903833,"y":-0.0018053603125736118,"z":-0.00000986653958534589,"w":0.9999940395355225},"size":6.7749924659729,"orthographic":false}