{"cameraMode":{"drawMode":0,"name":"Shaded","section":"Shading Mode"},"sceneLighting":true,"audioPlay":false,"sceneViewState":{"showFog":true,"showMaterialUpdate":false,"showSkybox":true,"showFlares":true,"showImageEffects":true,"showParticleSystems":true},"in2DMode":false,"pivot":{"x":0.7403548955917358,"y":1.087773323059082,"z":-1.8944807052612305},"rotation":{"x":-0.14196231961250306,"y":-0.07061601430177689,"z":0.010153746232390404,"w":-0.9872995018959045},"size":8.165244102478028,"orthographic":false}